{
  "dnn_num_layers": 4,
  "dnn_units_0": 384,
  "dnn_activation": "gelu",
  "dnn_batchnorm": false,
  "dnn_dropout": 0.0,
  "dnn_units_1": 192,
  "dnn_lr": 0.0028883700977702592,
  "dnn_weight_decay": 2.2518289718736774e-05,
  "dnn_units_2": 192,
  "dnn_units_3": 64
}