{
  "val_history": {
    "loss": [
      9893.1015625,
      456.6260681152344,
      333.26373291015625,
      290.66839599609375,
      279.1713562011719,
      256.562744140625,
      238.1849822998047,
      208.03465270996094,
      227.09027099609375,
      202.19192504882812,
      191.281982421875,
      186.95126342773438,
      183.07847595214844,
      170.55723571777344,
      160.08328247070312,
      155.80001831054688,
      184.45518493652344,
      164.5711669921875,
      115.66021728515625,
      105.86740112304688,
      109.81390380859375,
      108.91362762451172,
      104.15951538085938,
      107.19210052490234,
      110.8123550415039,
      108.19866943359375,
      107.90282440185547,
      105.9998550415039,
      103.6714096069336,
      103.98392486572266,
      98.51168060302734,
      104.86361694335938,
      101.89510345458984,
      80.96705627441406,
      80.4374771118164,
      78.95008087158203,
      79.03665161132812,
      77.78813171386719
    ],
    "mae": [
      44.08441925048828,
      12.608808517456055,
      10.192842483520508,
      9.481489181518555,
      9.194674491882324,
      8.771042823791504,
      8.543013572692871,
      7.974462032318115,
      8.26054859161377,
      7.5786285400390625,
      7.587521076202393,
      7.441989421844482,
      7.354593753814697,
      7.1827263832092285,
      6.921619892120361,
      6.792304992675781,
      7.412895202636719,
      7.000040531158447,
      5.775271415710449,
      5.575418949127197,
      5.682640552520752,
      5.614992618560791,
      5.4897589683532715,
      5.585708141326904,
      5.6662211418151855,
      5.600277423858643,
      5.570977687835693,
      5.527650833129883,
      5.550721645355225,
      5.529861927032471,
      5.358689785003662,
      5.476914405822754,
      5.454260349273682,
      4.855038642883301,
      4.805595397949219,
      4.770155429840088,
      4.746412754058838,
      4.778881072998047
    ],
    "mape": [
      104.18192291259766,
      28.910585403442383,
      18.821155548095703,
      16.8917293548584,
      15.80136489868164,
      14.443799018859863,
      14.240883827209473,
      13.300121307373047,
      13.329971313476562,
      11.864977836608887,
      12.43734359741211,
      11.55652904510498,
      11.403782844543457,
      11.375996589660645,
      10.902202606201172,
      10.437188148498535,
      12.086981773376465,
      10.82608699798584,
      8.472555160522461,
      8.26085376739502,
      8.478004455566406,
      8.218999862670898,
      8.03406047821045,
      8.21530818939209,
      8.202428817749023,
      8.211463928222656,
      8.197501182556152,
      7.980011940002441,
      8.131903648376465,
      8.171747207641602,
      7.81538200378418,
      7.8379716873168945,
      7.962836265563965,
      7.009059429168701,
      6.813506126403809,
      6.80438756942749,
      6.708268165588379,
      6.884151458740234
    ],
    "mse": [
      9893.1015625,
      456.6260681152344,
      333.26373291015625,
      290.66839599609375,
      279.1713562011719,
      256.562744140625,
      238.1849822998047,
      208.03465270996094,
      227.09027099609375,
      202.19192504882812,
      191.281982421875,
      186.95126342773438,
      183.07847595214844,
      170.55723571777344,
      160.08328247070312,
      155.80001831054688,
      184.45518493652344,
      164.5711669921875,
      115.66021728515625,
      105.86740112304688,
      109.81390380859375,
      108.91362762451172,
      104.15951538085938,
      107.19210052490234,
      110.8123550415039,
      108.19866943359375,
      107.90282440185547,
      105.9998550415039,
      103.6714096069336,
      103.98392486572266,
      98.51168060302734,
      104.86361694335938,
      101.89510345458984,
      80.96705627441406,
      80.4374771118164,
      78.95008087158203,
      79.03665161132812,
      77.78813171386719
    ],
    "rmse": [
      99.46407318115234,
      21.368810653686523,
      18.255512237548828,
      17.048999786376953,
      16.70842170715332,
      16.017576217651367,
      15.433242797851562,
      14.423406600952148,
      15.069514274597168,
      14.219420433044434,
      13.830472946166992,
      13.673011779785156,
      13.530649185180664,
      13.0597562789917,
      12.6524019241333,
      12.481987953186035,
      13.581427574157715,
      12.828529357910156,
      10.754544258117676,
      10.289188385009766,
      10.479212760925293,
      10.436169624328613,
      10.205857276916504,
      10.353362083435059,
      10.526744842529297,
      10.401859283447266,
      10.387628555297852,
      10.295622825622559,
      10.181916236877441,
      10.197251319885254,
      9.925305366516113,
      10.240293502807617,
      10.094310760498047,
      8.998169898986816,
      8.968694686889648,
      8.885385513305664,
      8.89025592803955,
      8.819758415222168
    ],
    "val_loss": [
      6911.654296875,
      5297.18310546875,
      4843.501953125,
      3980.57177734375,
      3528.248779296875,
      3885.573486328125,
      2806.78369140625,
      3132.0478515625,
      2737.7392578125,
      2532.53369140625,
      2574.59130859375,
      2681.635498046875,
      2241.04931640625,
      2395.408447265625,
      2503.862548828125,
      2628.764404296875,
      2331.002685546875,
      2720.289306640625,
      2429.476806640625,
      2261.486328125,
      2316.059326171875,
      2316.497314453125,
      2211.919921875,
      2304.547607421875,
      2126.8564453125,
      2821.192138671875,
      2307.447998046875,
      2077.84716796875,
      2205.85009765625,
      2197.279541015625,
      2205.348876953125,
      2105.302001953125,
      2154.240478515625,
      2083.46533203125,
      2138.22412109375,
      2189.00146484375,
      2161.57080078125,
      2153.33544921875
    ],
    "val_mae": [
      52.034751892089844,
      47.53592300415039,
      43.813629150390625,
      40.3112678527832,
      35.05284881591797,
      37.733055114746094,
      30.79654884338379,
      33.08381271362305,
      30.93907356262207,
      29.991443634033203,
      30.21305274963379,
      30.378673553466797,
      28.188432693481445,
      30.072494506835938,
      29.750164031982422,
      29.86189842224121,
      30.592618942260742,
      31.662845611572266,
      29.74349594116211,
      28.733606338500977,
      29.28146743774414,
      29.246431350708008,
      29.327707290649414,
      29.7406005859375,
      28.805402755737305,
      31.356611251831055,
      29.074548721313477,
      27.956676483154297,
      28.817611694335938,
      28.44293212890625,
      28.480384826660156,
      28.51310157775879,
      28.063278198242188,
      28.175485610961914,
      28.057527542114258,
      29.137792587280273,
      28.554658889770508,
      28.414066314697266
    ],
    "val_mape": [
      47.892112731933594,
      38.7484245300293,
      33.76155090332031,
      35.807594299316406,
      26.380834579467773,
      35.501861572265625,
      23.63326644897461,
      24.149810791015625,
      23.797624588012695,
      27.17319679260254,
      26.12748908996582,
      23.064720153808594,
      23.64010238647461,
      27.023033142089844,
      22.954181671142578,
      21.499284744262695,
      29.464977264404297,
      25.62572479248047,
      24.032106399536133,
      22.453054428100586,
      26.28084945678711,
      25.96112632751465,
      27.159595489501953,
      25.689985275268555,
      25.31378746032715,
      24.02888298034668,
      22.784000396728516,
      23.21708106994629,
      26.40990447998047,
      23.3586368560791,
      25.755821228027344,
      26.885244369506836,
      23.931001663208008,
      26.070880889892578,
      24.7646541595459,
      28.17262077331543,
      26.740236282348633,
      25.17902946472168
    ],