{
  "val_best_hps": {
    "gru_num_layers": 1,
    "gru_units1": 256,
    "gru_layernorm": false,
    "gru_dropout1": 0.2,
    "gru_lr": 0.000506567839560058,
    "gru_units2": 64,
    "gru_dropout2": 0.0
  },
  "test_metrics": {
    "MSE": 1094.508056640625,
    "RMSE": 33.08335014233935,
    "MAE": 12.855664253234863,
    "MAPE": 0.10264773666858673,
    "R2": 0.9959864020347595
  },
  "eval": {
    "loss": 0.02566206268966198,
    "mae": 0.062248777598142624,
    "mape": 40.24433898925781,
    "mse": 0.02566206268966198,
    "rmse": 0.16019383072853088
  }
}